sample size,time limit,particles number,cognitive param,social param,weight,allocation number,fitness score
60,120,25,0.0001,0.0001,0.0001,0,0.3758686184794734
60,120,25,0.0001,0.0001,0.0001,1,0.46803989942724783
60,120,25,0.0001,0.0001,0.0001,2,0.4341498726734931
60,120,25,0.0001,0.0001,0.0001,3,0.357061946500674
60,120,25,0.0001,0.0001,0.0001,4,0.3148599584294889
60,120,25,0.0001,0.0001,0.0001,5,0.2495030238559609
60,120,25,0.0001,0.0001,0.0001,6,0.4278279352379233
60,120,25,0.0001,0.0001,0.0001,7,0.4924203278898014
60,120,25,0.0001,0.0001,0.0001,8,0.47934624838713025
60,120,25,0.0001,0.0001,0.0001,9,0.5115547201931225
60,120,25,0.0001,0.0001,0.0001,10,0.23453334688927976
60,120,25,0.0001,0.0001,0.0001,11,0.603060667793026
60,120,25,0.0001,0.0001,0.0001,12,0.46707508607500386
60,120,25,0.0001,0.0001,0.0001,13,0.48539698136996273
60,120,25,0.0001,0.0001,0.0001,14,0.7644635323818092
60,120,25,0.0001,0.0001,0.0001,15,0.3428902423651698
60,120,25,0.0001,0.0001,0.0001,16,0.5052649812143912
60,120,25,0.0001,0.0001,0.0001,17,0.6832468107910186
60,120,25,0.0001,0.0001,0.0001,18,0.6262087354409546
60,120,25,0.0001,0.0001,0.0001,19,0.413204915773223
60,120,25,0.0001,0.0001,0.0001,20,0.41436583421737794
60,120,25,0.0001,0.0001,0.0001,21,0.4942756332141731
60,120,25,0.0001,0.0001,0.0001,22,0.40717500793173933
60,120,25,0.0001,0.0001,0.0001,23,0.6160938529655643
60,120,25,0.0001,0.0001,0.0001,24,0.3193785172604877
60,120,25,0.0001,0.0001,0.0001,25,0.28153543077645427
60,120,25,0.0001,0.0001,0.0001,26,0.5569640393705597
60,120,25,0.0001,0.0001,0.0001,27,0.3758489425829535
60,120,25,0.0001,0.0001,0.0001,28,0.3798178118188581
60,120,25,0.0001,0.0001,0.0001,29,0.3901097665823341
60,120,25,0.0001,0.0001,0.0001,30,0.3586884649723561
60,120,25,0.0001,0.0001,0.0001,31,0.6906670312900088
60,120,25,0.0001,0.0001,0.0001,32,0.20532477570465893
60,120,25,0.0001,0.0001,0.0001,33,0.7012373637391935
60,120,25,0.0001,0.0001,0.0001,34,0.31922284689200636
60,120,25,0.0001,0.0001,0.0001,35,0.3223057393101582
60,120,25,0.0001,0.0001,0.0001,36,0.35314253933826656
60,120,25,0.0001,0.0001,0.0001,37,0.5415283118583895
60,120,25,0.0001,0.0001,0.0001,38,0.5449066186893881
60,120,25,0.0001,0.0001,0.0001,39,0.46985745692222497
60,120,25,0.0001,0.0001,0.0001,40,0.2503083872498817
60,120,25,0.0001,0.0001,0.0001,41,0.534108066349695
60,120,25,0.0001,0.0001,0.0001,42,0.43230007513575225
60,120,25,0.0001,0.0001,0.0001,43,0.5003329614277893
60,120,25,0.0001,0.0001,0.0001,44,0.3811534680703531
60,120,25,0.0001,0.0001,0.0001,45,0.7058899481994064
60,120,25,0.0001,0.0001,0.0001,46,0.46342897445969666
60,120,25,0.0001,0.0001,0.0001,47,0.4166623465082738
60,120,25,0.0001,0.0001,0.0001,48,0.3843517346592602
60,120,25,0.0001,0.0001,0.0001,49,0.360525377682018
60,120,25,0.0001,0.0001,0.0001,50,0.26323014991309646
60,120,25,0.0001,0.0001,0.0001,51,0.2772727032703388
60,120,25,0.0001,0.0001,0.0001,52,0.4600968426166324
60,120,25,0.0001,0.0001,0.0001,53,0.7357992137907675
60,120,25,0.0001,0.0001,0.0001,54,0.2951266129014597
60,120,25,0.0001,0.0001,0.0001,55,0.628557010159504
60,120,25,0.0001,0.0001,0.0001,56,0.7281964659333553
60,120,25,0.0001,0.0001,0.0001,57,0.6575916204280204
60,120,25,0.0001,0.0001,0.0001,58,0.5011066344205226
60,120,25,0.0001,0.0001,0.0001,59,0.5485349433859408
60,120,25,0.0001,0.0001,0.0001,60,0.6000513367368301
60,120,25,0.0001,0.0001,0.0001,61,0.4995075277569073
60,120,25,0.0001,0.0001,0.0001,62,0.8800264046148563
60,120,25,0.0001,0.0001,0.0001,63,0.7593139373029434
60,120,25,0.0001,0.0001,0.0001,64,0.6013822251340242
60,120,25,0.0001,0.0001,0.0001,65,0.6319681709447479
60,120,25,0.0001,0.0001,0.0001,66,0.39282667085331907
60,120,25,0.0001,0.0001,0.0001,67,0.5549047796884241
60,120,25,0.0001,0.0001,0.0001,68,0.39084528296964993
60,120,25,0.0001,0.0001,0.0001,69,0.3329961732213225
60,120,25,0.0001,0.0001,0.0001,70,0.4452331649216935
60,120,25,0.0001,0.0001,0.0001,71,0.44039341115681774
60,120,25,0.0001,0.0001,0.0001,72,0.4528325308089784
60,120,25,0.0001,0.0001,0.0001,73,0.5701370822225773
60,120,25,0.0001,0.0001,0.0001,74,0.6514222130112801
60,120,25,0.0001,0.0001,0.0001,75,0.44416275887985646
60,120,25,0.0001,0.0001,0.0001,76,0.8227405929371076
60,120,25,0.0001,0.0001,0.0001,77,0.299178163111138
60,120,25,0.0001,0.0001,0.0001,78,0.25948663158549823
60,120,25,0.0001,0.0001,0.0001,79,0.6323410042976002
60,120,25,0.0001,0.0001,0.0001,80,0.31981747073253597
60,120,25,0.0001,0.0001,0.0001,81,0.6380544447215591
60,120,25,0.0001,0.0001,0.0001,82,0.3475393525574891
60,120,25,0.0001,0.0001,0.0001,83,0.5903271840985026
60,120,25,0.0001,0.0001,0.0001,84,0.6141047291511146
60,120,25,0.0001,0.0001,0.0001,85,0.7553657793244863
60,120,25,0.0001,0.0001,0.0001,86,0.3378714942869007
60,120,25,0.0001,0.0001,0.0001,87,0.5078255695449918
60,120,25,0.0001,0.0001,0.0001,88,0.4780556926215104
60,120,25,0.0001,0.0001,0.0001,89,0.39441145973158626
60,120,25,0.0001,0.0001,0.0001,90,0.2835380984951284
60,120,25,0.0001,0.0001,0.0001,91,0.34051391015718235
60,120,25,0.0001,0.0001,0.0001,92,0.29362601673297034
60,120,25,0.0001,0.0001,0.0001,93,0.35539537974528274
60,120,25,0.0001,0.0001,0.0001,94,0.8011878410776885
60,120,25,0.0001,0.0001,0.0001,95,0.5758030672329857
60,120,25,0.0001,0.0001,0.0001,96,0.54286130902768
60,120,25,0.0001,0.0001,0.0001,97,0.47539484693730993
60,120,25,0.0001,0.0001,0.0001,98,0.3631703100265948
60,120,25,0.0001,0.0001,0.0001,99,0.4673680274466916
60,120,25,0.0001,0.0001,0.1,0,0.3303617630939014
60,120,25,0.0001,0.0001,0.1,1,0.4165798657124731
60,120,25,0.0001,0.0001,0.1,2,0.4063716567237614
60,120,25,0.0001,0.0001,0.1,3,0.39310522612822235
60,120,25,0.0001,0.0001,0.1,4,0.4643289739338681
60,120,25,0.0001,0.0001,0.1,5,0.4898346054060489
60,120,25,0.0001,0.0001,0.1,6,0.45421801084287194
60,120,25,0.0001,0.0001,0.1,7,0.6138283187707047
60,120,25,0.0001,0.0001,0.1,8,0.4851505283091852
60,120,25,0.0001,0.0001,0.1,9,0.6365231243736443
60,120,25,0.0001,0.0001,0.1,10,0.819172565822049
60,120,25,0.0001,0.0001,0.1,11,0.6583335375968666
60,120,25,0.0001,0.0001,0.1,12,0.35373341652126555
60,120,25,0.0001,0.0001,0.1,13,0.506547932681669
60,120,25,0.0001,0.0001,0.1,14,0.516451886565391
60,120,25,0.0001,0.0001,0.1,15,0.22116041064609654
60,120,25,0.0001,0.0001,0.1,16,0.8176287506111861
60,120,25,0.0001,0.0001,0.1,17,0.3790427922165793
60,120,25,0.0001,0.0001,0.1,18,0.4108149031632469
60,120,25,0.0001,0.0001,0.1,19,0.40118989733864324
60,120,25,0.0001,0.0001,0.1,20,0.29763007260596797
60,120,25,0.0001,0.0001,0.1,21,0.4951364778637097
60,120,25,0.0001,0.0001,0.1,22,0.6389900092459379
60,120,25,0.0001,0.0001,0.1,23,0.3738087083589553
60,120,25,0.0001,0.0001,0.1,24,0.4088574507482739
60,120,25,0.0001,0.0001,0.1,25,0.79122560606164
60,120,25,0.0001,0.0001,0.1,26,0.6197147586576208
60,120,25,0.0001,0.0001,0.1,27,0.5392503488005779
60,120,25,0.0001,0.0001,0.1,28,0.3225740566721417
60,120,25,0.0001,0.0001,0.1,29,0.38635602911166333
60,120,25,0.0001,0.0001,0.1,30,0.42136779596936325
60,120,25,0.0001,0.0001,0.1,31,0.34396554306458105
60,120,25,0.0001,0.0001,0.1,32,0.735749884248724
60,120,25,0.0001,0.0001,0.1,33,1.0625726705855834
60,120,25,0.0001,0.0001,0.1,34,0.4218707893208003
60,120,25,0.0001,0.0001,0.1,35,0.3895377623467378
60,120,25,0.0001,0.0001,0.1,36,0.49065915097792745
60,120,25,0.0001,0.0001,0.1,37,0.41952852364804255
60,120,25,0.0001,0.0001,0.1,38,0.2771408538179109
60,120,25,0.0001,0.0001,0.1,39,0.43192190364755867
60,120,25,0.0001,0.0001,0.1,40,0.7630404910134309
60,120,25,0.0001,0.0001,0.1,41,0.3184215343971114
60,120,25,0.0001,0.0001,0.1,42,0.5824694364314098
60,120,25,0.0001,0.0001,0.1,43,0.5365004569886914
60,120,25,0.0001,0.0001,0.1,44,0.303863097148552
60,120,25,0.0001,0.0001,0.1,45,0.7238371259289572
60,120,25,0.0001,0.0001,0.1,46,0.9361541351103069
60,120,25,0.0001,0.0001,0.1,47,1.0578454066763538
60,120,25,0.0001,0.0001,0.1,48,0.5272148090354196
60,120,25,0.0001,0.0001,0.1,49,0.7430155464769164
60,120,25,0.0001,0.0001,0.1,50,0.47131097418565354
60,120,25,0.0001,0.0001,0.1,51,0.21790176777154394
60,120,25,0.0001,0.0001,0.1,52,0.7532608700015081
60,120,25,0.0001,0.0001,0.1,53,0.7698127807738381
60,120,25,0.0001,0.0001,0.1,54,0.3996364452735225
60,120,25,0.0001,0.0001,0.1,55,0.43426885544429183
60,120,25,0.0001,0.0001,0.1,56,0.6006218112426647
60,120,25,0.0001,0.0001,0.1,57,0.9027180280456053
60,120,25,0.0001,0.0001,0.1,58,0.8151532354207068
60,120,25,0.0001,0.0001,0.1,59,0.3598592546911753
60,120,25,0.0001,0.0001,0.1,60,0.32949595490493655
60,120,25,0.0001,0.0001,0.1,61,0.46049774396181786
60,120,25,0.0001,0.0001,0.1,62,0.47348535547448556
60,120,25,0.0001,0.0001,0.1,63,0.3732705626193076
60,120,25,0.0001,0.0001,0.1,64,0.8890367539177729
60,120,25,0.0001,0.0001,0.1,65,0.4719169797427933
60,120,25,0.0001,0.0001,0.1,66,0.5064034240873119
60,120,25,0.0001,0.0001,0.1,67,0.5916818313718547
60,120,25,0.0001,0.0001,0.1,68,0.6098874864258571
60,120,25,0.0001,0.0001,0.1,69,0.24845362283930583
60,120,25,0.0001,0.0001,0.1,70,0.31405836668910925
60,120,25,0.0001,0.0001,0.1,71,0.4142300945778129
60,120,25,0.0001,0.0001,0.1,72,0.6142815629835229
60,120,25,0.0001,0.0001,0.1,73,0.44796644991180196
60,120,25,0.0001,0.0001,0.1,74,0.38313021611739934
60,120,25,0.0001,0.0001,0.1,75,0.5675222297384741
60,120,25,0.0001,0.0001,0.1,76,0.29996880626655886
60,120,25,0.0001,0.0001,0.1,77,0.637434692130088
60,120,25,0.0001,0.0001,0.1,78,0.793676314765219
60,120,25,0.0001,0.0001,0.1,79,0.5268625680741955
60,120,25,0.0001,0.0001,0.1,80,0.8173077126359659
60,120,25,0.0001,0.0001,0.1,81,0.316980069150274
60,120,25,0.0001,0.0001,0.1,82,0.6164465624456923
60,120,25,0.0001,0.0001,0.1,83,0.3699666840551163
60,120,25,0.0001,0.0001,0.1,84,0.4474651022246186
60,120,25,0.0001,0.0001,0.1,85,0.25758558180139657
60,120,25,0.0001,0.0001,0.1,86,0.43848335715520387
60,120,25,0.0001,0.0001,0.1,87,0.6610452705257513
60,120,25,0.0001,0.0001,0.1,88,0.5149351310793618
60,120,25,0.0001,0.0001,0.1,89,0.37624561819312147
60,120,25,0.0001,0.0001,0.1,90,0.2755257642872834
60,120,25,0.0001,0.0001,0.1,91,0.2984955971666121
60,120,25,0.0001,0.0001,0.1,92,0.3156045224914788
60,120,25,0.0001,0.0001,0.1,93,0.47607420614410234
60,120,25,0.0001,0.0001,0.1,94,0.3463950700724756
60,120,25,0.0001,0.0001,0.1,95,0.6051868350591908
60,120,25,0.0001,0.0001,0.1,96,0.5166007533887532
60,120,25,0.0001,0.0001,0.1,97,0.6196196483278287
60,120,25,0.0001,0.0001,0.1,98,0.5742950199772661
60,120,25,0.0001,0.0001,0.1,99,0.3620032322354752
60,120,25,0.0001,0.0001,1,0,0.6670317907573392
60,120,25,0.0001,0.0001,1,1,0.37723510607211336
60,120,25,0.0001,0.0001,1,2,0.3123948132331744
60,120,25,0.0001,0.0001,1,3,0.3722851045607535
60,120,25,0.0001,0.0001,1,4,0.2760373309717785
60,120,25,0.0001,0.0001,1,5,0.45746980616661514
60,120,25,0.0001,0.0001,1,6,0.6965868792916878
60,120,25,0.0001,0.0001,1,7,0.45092754695546877
60,120,25,0.0001,0.0001,1,8,0.559486047758349
60,120,25,0.0001,0.0001,1,9,0.2287279617757385
60,120,25,0.0001,0.0001,1,10,0.853294698391383
60,120,25,0.0001,0.0001,1,11,0.28904347362081656
60,120,25,0.0001,0.0001,1,12,0.427203719615982
60,120,25,0.0001,0.0001,1,13,0.40546998351474495
60,120,25,0.0001,0.0001,1,14,0.4775389692279798
60,120,25,0.0001,0.0001,1,15,0.2741485502404576
60,120,25,0.0001,0.0001,1,16,0.5630222451362384
60,120,25,0.0001,0.0001,1,17,0.4741743253858617
60,120,25,0.0001,0.0001,1,18,0.25012533625439276
60,120,25,0.0001,0.0001,1,19,0.2491536130471994
60,120,25,0.0001,0.0001,1,20,0.43189675144213796
60,120,25,0.0001,0.0001,1,21,0.39843951087402407
60,120,25,0.0001,0.0001,1,22,0.3728737630312586
60,120,25,0.0001,0.0001,1,23,0.6299297342512437
60,120,25,0.0001,0.0001,1,24,0.8734665771876255
60,120,25,0.0001,0.0001,1,25,0.788602590693158
60,120,25,0.0001,0.0001,1,26,0.534522051683975
60,120,25,0.0001,0.0001,1,27,0.682326341648752
60,120,25,0.0001,0.0001,1,28,0.48730611454267986
60,120,25,0.0001,0.0001,1,29,0.5236552243453217
60,120,25,0.0001,0.0001,1,30,0.5457764137672249
60,120,25,0.0001,0.0001,1,31,0.5575357318175365
60,120,25,0.0001,0.0001,1,32,0.7448102876024701
60,120,25,0.0001,0.0001,1,33,0.4529290830527679
60,120,25,0.0001,0.0001,1,34,0.7090425147293138
60,120,25,0.0001,0.0001,1,35,0.677046346534703
60,120,25,0.0001,0.0001,1,36,0.3234356868975108
60,120,25,0.0001,0.0001,1,37,0.20732718045707674
60,120,25,0.0001,0.0001,1,38,0.5450441740207057
60,120,25,0.0001,0.0001,1,39,0.3647107533768879
60,120,25,0.0001,0.0001,1,40,0.26851387400899496
60,120,25,0.0001,0.0001,1,41,0.3256407812096312
60,120,25,0.0001,0.0001,1,42,0.37311555789412115
60,120,25,0.0001,0.0001,1,43,0.8377240541024418
60,120,25,0.0001,0.0001,1,44,0.2611706953554956
60,120,25,0.0001,0.0001,1,45,0.32288797263687075
60,120,25,0.0001,0.0001,1,46,0.7416867737356896
60,120,25,0.0001,0.0001,1,47,0.642947488226609
60,120,25,0.0001,0.0001,1,48,0.5171059241244873
60,120,25,0.0001,0.0001,1,49,0.7679309939846295
60,120,25,0.0001,0.0001,1,50,0.34322627683979706
60,120,25,0.0001,0.0001,1,51,0.8399958172324437
60,120,25,0.0001,0.0001,1,52,0.330181215708365
60,120,25,0.0001,0.0001,1,53,0.8565519213053763
60,120,25,0.0001,0.0001,1,54,0.3621217198508775
60,120,25,0.0001,0.0001,1,55,0.7101105622416319
60,120,25,0.0001,0.0001,1,56,0.6081910117877508
60,120,25,0.0001,0.0001,1,57,0.3823003858818821
60,120,25,0.0001,0.0001,1,58,0.3147174186212155
60,120,25,0.0001,0.0001,1,59,0.28893805849547277
60,120,25,0.0001,0.0001,1,60,0.616278916189116
60,120,25,0.0001,0.0001,1,61,0.2429674602976402
60,120,25,0.0001,0.0001,1,62,0.7943872787665268
60,120,25,0.0001,0.0001,1,63,0.6611117699989921
60,120,25,0.0001,0.0001,1,64,0.33573831454647407
60,120,25,0.0001,0.0001,1,65,0.5527711318760589
60,120,25,0.0001,0.0001,1,66,0.3192187522695352
60,120,25,0.0001,0.0001,1,67,0.3875910098739353
60,120,25,0.0001,0.0001,1,68,0.24087920676453894
60,120,25,0.0001,0.0001,1,69,0.4142486047021349
60,120,25,0.0001,0.0001,1,70,0.4819496472211242
60,120,25,0.0001,0.0001,1,71,0.5047062015289413
60,120,25,0.0001,0.0001,1,72,0.4432268153076191
60,120,25,0.0001,0.0001,1,73,0.4728172695260861
60,120,25,0.0001,0.0001,1,74,0.4579926265830127
60,120,25,0.0001,0.0001,1,75,0.46547182754707467
60,120,25,0.0001,0.0001,1,76,0.4644563285730446
60,120,25,0.0001,0.0001,1,77,0.3399698120683412
60,120,25,0.0001,0.0001,1,78,0.3565003696128036
60,120,25,0.0001,0.0001,1,79,0.6086774227797116
60,120,25,0.0001,0.0001,1,80,0.6403555769688066
60,120,25,0.0001,0.0001,1,81,0.5066968780302773
60,120,25,0.0001,0.0001,1,82,0.501691754186794
60,120,25,0.0001,0.0001,1,83,0.4907998552121563
60,120,25,0.0001,0.0001,1,84,0.9671237256600612
60,120,25,0.0001,0.0001,1,85,0.26266751026683194
60,120,25,0.0001,0.0001,1,86,0.5035363433789655
60,120,25,0.0001,0.0001,1,87,0.3638483342021734
60,120,25,0.0001,0.0001,1,88,0.32659924055575845
60,120,25,0.0001,0.0001,1,89,0.7062484196931058
60,120,25,0.0001,0.0001,1,90,0.8236352572916595
60,120,25,0.0001,0.0001,1,91,0.544448035766599
60,120,25,0.0001,0.0001,1,92,0.29612327684223877
60,120,25,0.0001,0.0001,1,93,0.4066516732447113
60,120,25,0.0001,0.0001,1,94,0.3653059887530895
60,120,25,0.0001,0.0001,1,95,0.4372028593563553
60,120,25,0.0001,0.0001,1,96,0.39070311860097984
60,120,25,0.0001,0.0001,1,97,0.5635585925902351
60,120,25,0.0001,0.0001,1,98,0.2505610170489361
60,120,25,0.0001,0.0001,1,99,0.6094215834058839
60,120,25,0.0001,0.0001,10,0,0.5413133145797497
60,120,25,0.0001,0.0001,10,1,0.5075295999923967
60,120,25,0.0001,0.0001,10,2,0.6447105762467169
60,120,25,0.0001,0.0001,10,3,0.40740360160292893
60,120,25,0.0001,0.0001,10,4,0.4589498387544507
60,120,25,0.0001,0.0001,10,5,0.7629490111008669
60,120,25,0.0001,0.0001,10,6,0.3951677719304095
60,120,25,0.0001,0.0001,10,7,0.433939514939063
60,120,25,0.0001,0.0001,10,8,0.581562622439382
60,120,25,0.0001,0.0001,10,9,0.5623500337721207
60,120,25,0.0001,0.0001,10,10,0.2502279744671702
60,120,25,0.0001,0.0001,10,11,0.6903458193406583
60,120,25,0.0001,0.0001,10,12,0.32674882181145737
60,120,25,0.0001,0.0001,10,13,0.4919728672089068
60,120,25,0.0001,0.0001,10,14,0.5247504199793929
60,120,25,0.0001,0.0001,10,15,0.49949710635156164
60,120,25,0.0001,0.0001,10,16,0.3724561791919977
60,120,25,0.0001,0.0001,10,17,0.5004980979146895
60,120,25,0.0001,0.0001,10,18,0.31088637199128116
60,120,25,0.0001,0.0001,10,19,0.4334689077956693
60,120,25,0.0001,0.0001,10,20,0.5496318409728892
60,120,25,0.0001,0.0001,10,21,0.49759532145763063
60,120,25,0.0001,0.0001,10,22,0.3310370287950365
60,120,25,0.0001,0.0001,10,23,0.45523197394889564
60,120,25,0.0001,0.0001,10,24,0.3452866898848284
60,120,25,0.0001,0.0001,10,25,0.5144771578060674
60,120,25,0.0001,0.0001,10,26,0.4618859003179375
60,120,25,0.0001,0.0001,10,27,0.30285731482224465
60,120,25,0.0001,0.0001,10,28,0.46414905297563624
60,120,25,0.0001,0.0001,10,29,0.7608127657005798
60,120,25,0.0001,0.0001,10,30,0.3735290125842659
60,120,25,0.0001,0.0001,10,31,0.5458718620949229
60,120,25,0.0001,0.0001,10,32,0.2717515256305307
60,120,25,0.0001,0.0001,10,33,0.2940494329694767
60,120,25,0.0001,0.0001,10,34,0.5725897892116576
60,120,25,0.0001,0.0001,10,35,0.7513919332565042
60,120,25,0.0001,0.0001,10,36,0.5217013252535567
60,120,25,0.0001,0.0001,10,37,0.5013994054224885
60,120,25,0.0001,0.0001,10,38,0.5726183373457755
60,120,25,0.0001,0.0001,10,39,0.6117626397321795
60,120,25,0.0001,0.0001,10,40,0.34648320576587616
60,120,25,0.0001,0.0001,10,41,0.7706350769628144
60,120,25,0.0001,0.0001,10,42,0.4428616452506139
60,120,25,0.0001,0.0001,10,43,0.6568916627949204
60,120,25,0.0001,0.0001,10,44,0.2787326272568045
60,120,25,0.0001,0.0001,10,45,0.2821191191789514
60,120,25,0.0001,0.0001,10,46,0.3682739559193248
60,120,25,0.0001,0.0001,10,47,0.9214847714328291
60,120,25,0.0001,0.0001,10,48,0.3783782184547202
60,120,25,0.0001,0.0001,10,49,0.6645389821746422
60,120,25,0.0001,0.0001,10,50,0.6612713454412317
60,120,25,0.0001,0.0001,10,51,0.40207684330623056
60,120,25,0.0001,0.0001,10,52,0.3354873497265424
60,120,25,0.0001,0.0001,10,53,0.4922066386919569
60,120,25,0.0001,0.0001,10,54,0.43389326591109345
60,120,25,0.0001,0.0001,10,55,0.4953134612196283
60,120,25,0.0001,0.0001,10,56,0.23472784998636662
60,120,25,0.0001,0.0001,10,57,0.36905445625587435
60,120,25,0.0001,0.0001,10,58,0.5340595594652486
60,120,25,0.0001,0.0001,10,59,0.3891007862119082
60,120,25,0.0001,0.0001,10,60,0.5213746697337713
60,120,25,0.0001,0.0001,10,61,0.5912928254542419
60,120,25,0.0001,0.0001,10,62,0.4446400777062416
60,120,25,0.0001,0.0001,10,63,0.31359937921694947
60,120,25,0.0001,0.0001,10,64,0.3486690597748971
60,120,25,0.0001,0.0001,10,65,0.6608132621054889
60,120,25,0.0001,0.0001,10,66,0.43369334031216933
60,120,25,0.0001,0.0001,10,67,0.4119512044782696
60,120,25,0.0001,0.0001,10,68,0.9073910133246871
60,120,25,0.0001,0.0001,10,69,0.4705475104805231
60,120,25,0.0001,0.0001,10,70,0.8836297382801943
60,120,25,0.0001,0.0001,10,71,0.3992359667369056
60,120,25,0.0001,0.0001,10,72,0.38432401974392694
60,120,25,0.0001,0.0001,10,73,0.8322971938697646
60,120,25,0.0001,0.0001,10,74,0.3634373838112631
60,120,25,0.0001,0.0001,10,75,0.4916048898828464
60,120,25,0.0001,0.0001,10,76,0.5383131443433238
60,120,25,0.0001,0.0001,10,77,0.4183435414598668
60,120,25,0.0001,0.0001,10,78,0.560374888408519
60,120,25,0.0001,0.0001,10,79,0.8718381788519007
60,120,25,0.0001,0.0001,10,80,0.3619014089258102
60,120,25,0.0001,0.0001,10,81,0.6456329190838158
60,120,25,0.0001,0.0001,10,82,0.6731752107800636
60,120,25,0.0001,0.0001,10,83,0.29249254934841745
60,120,25,0.0001,0.0001,10,84,0.3150007096331157
60,120,25,0.0001,0.0001,10,85,0.5493677248922607
60,120,25,0.0001,0.0001,10,86,0.35937588891228733
60,120,25,0.0001,0.0001,10,87,0.5604744233311412
60,120,25,0.0001,0.0001,10,88,0.3378317227822537
60,120,25,0.0001,0.0001,10,89,0.7484474828017957
60,120,25,0.0001,0.0001,10,90,0.5536439901448716
60,120,25,0.0001,0.0001,10,91,0.5318615176981466
60,120,25,0.0001,0.0001,10,92,1.0706859941835452
60,120,25,0.0001,0.0001,10,93,0.4701195357063859
60,120,25,0.0001,0.0001,10,94,0.9657468181304028
60,120,25,0.0001,0.0001,10,95,0.2822236618292434
60,120,25,0.0001,0.0001,10,96,1.0663546782986724
60,120,25,0.0001,0.0001,10,97,0.4156978081187715
60,120,25,0.0001,0.0001,10,98,0.2279920137582376
60,120,25,0.0001,0.0001,10,99,0.5684661108995898
60,120,25,0.0001,0.0001,100,0,0.2043205895448469
60,120,25,0.0001,0.0001,100,1,0.35846144275642605
60,120,25,0.0001,0.0001,100,2,0.6181144843413887
60,120,25,0.0001,0.0001,100,3,0.30480548816635183
60,120,25,0.0001,0.0001,100,4,0.6046254264247727
60,120,25,0.0001,0.0001,100,5,0.5736790110592608
60,120,25,0.0001,0.0001,100,6,0.5711638431347158
60,120,25,0.0001,0.0001,100,7,0.5502819091599692
60,120,25,0.0001,0.0001,100,8,0.7986732635277725
60,120,25,0.0001,0.0001,100,9,0.3082937611255211
60,120,25,0.0001,0.0001,100,10,0.32953578563089925
60,120,25,0.0001,0.0001,100,11,0.6461238656294822
60,120,25,0.0001,0.0001,100,12,0.4959378095487041
60,120,25,0.0001,0.0001,100,13,0.2503593950244167
60,120,25,0.0001,0.0001,100,14,0.2973411351149683
60,120,25,0.0001,0.0001,100,15,0.4806995470848038
60,120,25,0.0001,0.0001,100,16,0.3975655716448754
60,120,25,0.0001,0.0001,100,17,0.7789816130322321
60,120,25,0.0001,0.0001,100,18,0.5451983026502799
60,120,25,0.0001,0.0001,100,19,0.3548250419410434
60,120,25,0.0001,0.0001,100,20,0.4821600366568736
60,120,25,0.0001,0.0001,100,21,0.4961938818323884
60,120,25,0.0001,0.0001,100,22,0.4329239029955319
60,120,25,0.0001,0.0001,100,23,0.4513551047739372
60,120,25,0.0001,0.0001,100,24,0.48401227328445684
60,120,25,0.0001,0.0001,100,25,0.41747035003589633
60,120,25,0.0001,0.0001,100,26,0.7077368972637187
60,120,25,0.0001,0.0001,100,27,1.0172888196552339
60,120,25,0.0001,0.0001,100,28,0.5401601359877805
60,120,25,0.0001,0.0001,100,29,0.41796697106434383
60,120,25,0.0001,0.0001,100,30,0.48819188413045705
60,120,25,0.0001,0.0001,100,31,0.6339054858413383
60,120,25,0.0001,0.0001,100,32,0.3533485348848451
60,120,25,0.0001,0.0001,100,33,0.6665491363829754
60,120,25,0.0001,0.0001,100,34,0.4443613490809437
60,120,25,0.0001,0.0001,100,35,0.3012270217728248
60,120,25,0.0001,0.0001,100,36,0.5504443168407505
60,120,25,0.0001,0.0001,100,37,0.5624673852161672
60,120,25,0.0001,0.0001,100,38,0.6442525454411904
60,120,25,0.0001,0.0001,100,39,0.46072556518727487
60,120,25,0.0001,0.0001,100,40,0.2901913834420477
60,120,25,0.0001,0.0001,100,41,0.2996844700985198
60,120,25,0.0001,0.0001,100,42,0.6606736052746911
60,120,25,0.0001,0.0001,100,43,0.48010764526270727
60,120,25,0.0001,0.0001,100,44,0.5722269188232084
60,120,25,0.0001,0.0001,100,45,0.7800577708064517
60,120,25,0.0001,0.0001,100,46,0.3916655164545704
60,120,25,0.0001,0.0001,100,47,0.3838545760786453
60,120,25,0.0001,0.0001,100,48,0.4859231816137406
60,120,25,0.0001,0.0001,100,49,0.1644509353267804
60,120,25,0.0001,0.0001,100,50,0.5848315154723566
60,120,25,0.0001,0.0001,100,51,0.5448932943378985
60,120,25,0.0001,0.0001,100,52,0.546159273344798
60,120,25,0.0001,0.0001,100,53,0.5844808554403241
60,120,25,0.0001,0.0001,100,54,0.2925989797684544
60,120,25,0.0001,0.0001,100,55,0.4182738696474953
60,120,25,0.0001,0.0001,100,56,0.40130460022194225
60,120,25,0.0001,0.0001,100,57,0.36519745025103134
60,120,25,0.0001,0.0001,100,58,0.5589456544406483
60,120,25,0.0001,0.0001,100,59,0.22072113507437996
60,120,25,0.0001,0.0001,100,60,0.3176323317469978
60,120,25,0.0001,0.0001,100,61,0.3824530827607537
60,120,25,0.0001,0.0001,100,62,0.7481652130066243
60,120,25,0.0001,0.0001,100,63,0.28963185599928165
60,120,25,0.0001,0.0001,100,64,0.2658457692580189
60,120,25,0.0001,0.0001,100,65,0.8791679524819467
60,120,25,0.0001,0.0001,100,66,0.5362734439232105
60,120,25,0.0001,0.0001,100,67,0.6916503867564818
60,120,25,0.0001,0.0001,100,68,0.5772951490547793
60,120,25,0.0001,0.0001,100,69,0.26785245436552707
60,120,25,0.0001,0.0001,100,70,0.4186550152652321
60,120,25,0.0001,0.0001,100,71,0.393420580783041
60,120,25,0.0001,0.0001,100,72,0.5565939770144948
60,120,25,0.0001,0.0001,100,73,0.4843741772531013
60,120,25,0.0001,0.0001,100,74,0.5302225054705525
60,120,25,0.0001,0.0001,100,75,0.41049345849766616
60,120,25,0.0001,0.0001,100,76,0.43611308138637717
60,120,25,0.0001,0.0001,100,77,0.34924589675283624
60,120,25,0.0001,0.0001,100,78,0.5608060078076328
60,120,25,0.0001,0.0001,100,79,0.5477224244274365
60,120,25,0.0001,0.0001,100,80,0.5475808253969165
60,120,25,0.0001,0.0001,100,81,0.6098788217763534
60,120,25,0.0001,0.0001,100,82,0.7587700503696817
60,120,25,0.0001,0.0001,100,83,0.5086018782671579
60,120,25,0.0001,0.0001,100,84,0.30803766524571186
60,120,25,0.0001,0.0001,100,85,0.2670603446945132
60,120,25,0.0001,0.0001,100,86,0.34841184475428155
60,120,25,0.0001,0.0001,100,87,0.3587945688268333
60,120,25,0.0001,0.0001,100,88,0.37386006727194204
60,120,25,0.0001,0.0001,100,89,0.3072112560656217
60,120,25,0.0001,0.0001,100,90,0.5513752815185011
60,120,25,0.0001,0.0001,100,91,0.33355066430593694
60,120,25,0.0001,0.0001,100,92,0.4342770944743566
60,120,25,0.0001,0.0001,100,93,0.576072741002611
60,120,25,0.0001,0.0001,100,94,0.3912229684014544
60,120,25,0.0001,0.0001,100,95,0.6938301114715896
60,120,25,0.0001,0.0001,100,96,0.31917010871115764
60,120,25,0.0001,0.0001,100,97,0.3421602978770231
60,120,25,0.0001,0.0001,100,98,0.26791010126460085
60,120,25,0.0001,0.0001,100,99,0.25099493898292835
60,120,25,0.0001,0.0001,1000,0,0.3170173367672718
60,120,25,0.0001,0.0001,1000,1,0.5061033217215086
60,120,25,0.0001,0.0001,1000,2,0.50877858268354
60,120,25,0.0001,0.0001,1000,3,0.22529238563290124
60,120,25,0.0001,0.0001,1000,4,0.7395603104464987
60,120,25,0.0001,0.0001,1000,5,0.40010786293370854
60,120,25,0.0001,0.0001,1000,6,0.5580787385095269
60,120,25,0.0001,0.0001,1000,7,0.6519873023327754
60,120,25,0.0001,0.0001,1000,8,0.5091448046821387
60,120,25,0.0001,0.0001,1000,9,0.4333255130960061
60,120,25,0.0001,0.0001,1000,10,0.38468103463165126
60,120,25,0.0001,0.0001,1000,11,0.5523080196292671
60,120,25,0.0001,0.0001,1000,12,0.26211261180516726
60,120,25,0.0001,0.0001,1000,13,0.7845907822470022
60,120,25,0.0001,0.0001,1000,14,0.8775947506047332
60,120,25,0.0001,0.0001,1000,15,0.5858837192887922
60,120,25,0.0001,0.0001,1000,16,0.48613894748026276
60,120,25,0.0001,0.0001,1000,17,0.3664094419581752
60,120,25,0.0001,0.0001,1000,18,0.7161273507625873
60,120,25,0.0001,0.0001,1000,19,0.4920690035732048
60,120,25,0.0001,0.0001,1000,20,0.4810548181334888
60,120,25,0.0001,0.0001,1000,21,0.44648919080263455
60,120,25,0.0001,0.0001,1000,22,0.854220283974022
60,120,25,0.0001,0.0001,1000,23,0.3381654773570391
60,120,25,0.0001,0.0001,1000,24,0.4957463651453913
60,120,25,0.0001,0.0001,1000,25,1.0050616881192704
60,120,25,0.0001,0.0001,1000,26,0.7104382464203588
60,120,25,0.0001,0.0001,1000,27,0.6011047275053487
60,120,25,0.0001,0.0001,1000,28,0.4237784909905942
60,120,25,0.0001,0.0001,1000,29,0.5794773094222323
60,120,25,0.0001,0.0001,1000,30,0.5169694906802194
60,120,25,0.0001,0.0001,1000,31,0.6084486439894866
60,120,25,0.0001,0.0001,1000,32,0.5775498740270384
60,120,25,0.0001,0.0001,1000,33,0.4402309718937779
60,120,25,0.0001,0.0001,1000,34,0.29947813050469696
60,120,25,0.0001,0.0001,1000,35,0.4636766175467687
60,120,25,0.0001,0.0001,1000,36,0.46226031702679765
60,120,25,0.0001,0.0001,1000,37,0.572988209267151
60,120,25,0.0001,0.0001,1000,38,0.36564253304278854
60,120,25,0.0001,0.0001,1000,39,0.33159464431085867
60,120,25,0.0001,0.0001,1000,40,0.5214951446241145
60,120,25,0.0001,0.0001,1000,41,0.5027523632280089
60,120,25,0.0001,0.0001,1000,42,0.4066403348173749
60,120,25,0.0001,0.0001,1000,43,0.5092719798887914
60,120,25,0.0001,0.0001,1000,44,0.44955086352964196
60,120,25,0.0001,0.0001,1000,45,0.5577474183404573
60,120,25,0.0001,0.0001,1000,46,0.34362328688853694
60,120,25,0.0001,0.0001,1000,47,0.318507787664371
60,120,25,0.0001,0.0001,1000,48,0.7470247369846172
60,120,25,0.0001,0.0001,1000,49,0.8165674994766857
60,120,25,0.0001,0.0001,1000,50,0.7833854370246145
60,120,25,0.0001,0.0001,1000,51,0.5172935918792076
60,120,25,0.0001,0.0001,1000,52,0.28993074925730783
60,120,25,0.0001,0.0001,1000,53,0.3022787836209172
60,120,25,0.0001,0.0001,1000,54,0.25453822995204606
60,120,25,0.0001,0.0001,1000,55,0.3010927337052587
60,120,25,0.0001,0.0001,1000,56,0.37163299226657037
60,120,25,0.0001,0.0001,1000,57,0.5599921903084818
60,120,25,0.0001,0.0001,1000,58,0.8883930188695532
60,120,25,0.0001,0.0001,1000,59,0.540194690176183
60,120,25,0.0001,0.0001,1000,60,0.8156317598462903
60,120,25,0.0001,0.0001,1000,61,0.5000541410313223
60,120,25,0.0001,0.0001,1000,62,0.30634347338169865
60,120,25,0.0001,0.0001,1000,63,0.7946472249739639
60,120,25,0.0001,0.0001,1000,64,0.2877160715526794
60,120,25,0.0001,0.0001,1000,65,0.342737107845447
60,120,25,0.0001,0.0001,1000,66,0.39649618519506147
60,120,25,0.0001,0.0001,1000,67,0.5664342063415952
60,120,25,0.0001,0.0001,1000,68,0.4256256447497363
60,120,25,0.0001,0.0001,1000,69,0.3594005289936255
60,120,25,0.0001,0.0001,1000,70,0.7059892198112856
60,120,25,0.0001,0.0001,1000,71,0.4454274240518052
60,120,25,0.0001,0.0001,1000,72,0.8417696289299498
60,120,25,0.0001,0.0001,1000,73,0.5515194864198953
60,120,25,0.0001,0.0001,1000,74,0.7842048299971848
60,120,25,0.0001,0.0001,1000,75,0.6707030952483264
60,120,25,0.0001,0.0001,1000,76,0.2767930245771852
60,120,25,0.0001,0.0001,1000,77,0.37300301803818153
60,120,25,0.0001,0.0001,1000,78,0.7915711820180383
60,120,25,0.0001,0.0001,1000,79,0.7152892479664894
60,120,25,0.0001,0.0001,1000,80,0.33056570981325667
60,120,25,0.0001,0.0001,1000,81,0.3572273257307467
60,120,25,0.0001,0.0001,1000,82,0.3505876414800147
60,120,25,0.0001,0.0001,1000,83,0.3787176291372351
60,120,25,0.0001,0.0001,1000,84,0.7911537586506612
60,120,25,0.0001,0.0001,1000,85,0.545314022236363
60,120,25,0.0001,0.0001,1000,86,0.44176937505473296
60,120,25,0.0001,0.0001,1000,87,0.3237083159437882
60,120,25,0.0001,0.0001,1000,88,0.43631106474933323
60,120,25,0.0001,0.0001,1000,89,0.4595886366132486
60,120,25,0.0001,0.0001,1000,90,0.4939607372088762
60,120,25,0.0001,0.0001,1000,91,0.9153362386020308
60,120,25,0.0001,0.0001,1000,92,0.48914172405658396
60,120,25,0.0001,0.0001,1000,93,0.47650176839585573
60,120,25,0.0001,0.0001,1000,94,0.6919075778625835
60,120,25,0.0001,0.0001,1000,95,0.5525040372714872
60,120,25,0.0001,0.0001,1000,96,0.48769752242954806
60,120,25,0.0001,0.0001,1000,97,0.5113016822610335
60,120,25,0.0001,0.0001,1000,98,0.43173374891184463
60,120,25,0.0001,0.0001,1000,99,0.7100036236409727
60,120,25,0.0001,0.0001,10000,0,0.4521958455809694
60,120,25,0.0001,0.0001,10000,1,0.3096870117610283
60,120,25,0.0001,0.0001,10000,2,0.40159422233612363
60,120,25,0.0001,0.0001,10000,3,0.411270355178034
60,120,25,0.0001,0.0001,10000,4,0.3189983731353212
60,120,25,0.0001,0.0001,10000,5,0.26565445645958674
60,120,25,0.0001,0.0001,10000,6,0.7549347568370451
60,120,25,0.0001,0.0001,10000,7,0.40474033346235866
60,120,25,0.0001,0.0001,10000,8,0.6612302731960975
60,120,25,0.0001,0.0001,10000,9,0.401492987527593
60,120,25,0.0001,0.0001,10000,10,0.8124913534920748
60,120,25,0.0001,0.0001,10000,11,0.5174349777294822
60,120,25,0.0001,0.0001,10000,12,0.6005055643674254
60,120,25,0.0001,0.0001,10000,13,0.3124905509996928
60,120,25,0.0001,0.0001,10000,14,0.3074138961890338
60,120,25,0.0001,0.0001,10000,15,0.34227552234250797
60,120,25,0.0001,0.0001,10000,16,0.19610677791254472
60,120,25,0.0001,0.0001,10000,17,0.3276910879689368
60,120,25,0.0001,0.0001,10000,18,0.6317824992681348
60,120,25,0.0001,0.0001,10000,19,0.4817365381996764
60,120,25,0.0001,0.0001,10000,20,0.49955208199623224
60,120,25,0.0001,0.0001,10000,21,0.5366759830135719
60,120,25,0.0001,0.0001,10000,22,0.525531192545989
60,120,25,0.0001,0.0001,10000,23,0.41354008506344747
60,120,25,0.0001,0.0001,10000,24,0.32169189731390585
60,120,25,0.0001,0.0001,10000,25,0.22206653278867028
60,120,25,0.0001,0.0001,10000,26,0.6351000141141588
60,120,25,0.0001,0.0001,10000,27,0.6234894677930771
60,120,25,0.0001,0.0001,10000,28,0.36041091822764465
60,120,25,0.0001,0.0001,10000,29,0.40230745376353355
60,120,25,0.0001,0.0001,10000,30,0.4377958931582277
60,120,25,0.0001,0.0001,10000,31,0.43961504991615774
60,120,25,0.0001,0.0001,10000,32,0.3958375487495751
60,120,25,0.0001,0.0001,10000,33,0.5469283081135462
60,120,25,0.0001,0.0001,10000,34,0.49805575098482713
60,120,25,0.0001,0.0001,10000,35,0.7651882947481784
60,120,25,0.0001,0.0001,10000,36,0.4229168504543486
60,120,25,0.0001,0.0001,10000,37,0.6299108967249385
60,120,25,0.0001,0.0001,10000,38,0.9534272625443327
60,120,25,0.0001,0.0001,10000,39,0.260045950260442
60,120,25,0.0001,0.0001,10000,40,0.27821220731975266
60,120,25,0.0001,0.0001,10000,41,0.27009587294430304
60,120,25,0.0001,0.0001,10000,42,0.5512017850545977
60,120,25,0.0001,0.0001,10000,43,0.3359972020629242
60,120,25,0.0001,0.0001,10000,44,1.032157239190334
60,120,25,0.0001,0.0001,10000,45,0.6876705143817716
60,120,25,0.0001,0.0001,10000,46,0.6389048754772771
60,120,25,0.0001,0.0001,10000,47,0.23302068486931501
60,120,25,0.0001,0.0001,10000,48,0.4840565900322508
60,120,25,0.0001,0.0001,10000,49,0.3930257609664772
60,120,25,0.0001,0.0001,10000,50,0.5348643739562369
60,120,25,0.0001,0.0001,10000,51,0.27643663093387905
60,120,25,0.0001,0.0001,10000,52,0.926120634926678
60,120,25,0.0001,0.0001,10000,53,0.40694694299243717
60,120,25,0.0001,0.0001,10000,54,0.3179664712510867
60,120,25,0.0001,0.0001,10000,55,0.4167369185317081
60,120,25,0.0001,0.0001,10000,56,0.46800558523630403
60,120,25,0.0001,0.0001,10000,57,0.3044766882377576
60,120,25,0.0001,0.0001,10000,58,0.5228397008915895
60,120,25,0.0001,0.0001,10000,59,0.48321159241583245
60,120,25,0.0001,0.0001,10000,60,0.8968754072766036
60,120,25,0.0001,0.0001,10000,61,0.5321551267328719
60,120,25,0.0001,0.0001,10000,62,0.4817466701172675
60,120,25,0.0001,0.0001,10000,63,0.3413566587630726
60,120,25,0.0001,0.0001,10000,64,0.6288750250928169
60,120,25,0.0001,0.0001,10000,65,0.8920577452847219
60,120,25,0.0001,0.0001,10000,66,0.3323740315436596
60,120,25,0.0001,0.0001,10000,67,0.6243866357119005
60,120,25,0.0001,0.0001,10000,68,0.44539568845448757
60,120,25,0.0001,0.0001,10000,69,0.32988678165476965
60,120,25,0.0001,0.0001,10000,70,0.8639144777488118
60,120,25,0.0001,0.0001,10000,71,0.44648504283700813
60,120,25,0.0001,0.0001,10000,72,0.7800725194768514
60,120,25,0.0001,0.0001,10000,73,0.28186051609286245
60,120,25,0.0001,0.0001,10000,74,0.4229894802282548
60,120,25,0.0001,0.0001,10000,75,0.4419542892930205
60,120,25,0.0001,0.0001,10000,76,0.22679481989568787
60,120,25,0.0001,0.0001,10000,77,0.48777826704434674
60,120,25,0.0001,0.0001,10000,78,0.5257782133748821
60,120,25,0.0001,0.0001,10000,79,0.39824034758925536
60,120,25,0.0001,0.0001,10000,80,0.4842510604512487
60,120,25,0.0001,0.0001,10000,81,0.8072239948430023
60,120,25,0.0001,0.0001,10000,82,0.5514871076691269
60,120,25,0.0001,0.0001,10000,83,0.8885739103805838
60,120,25,0.0001,0.0001,10000,84,0.4603535825568817
60,120,25,0.0001,0.0001,10000,85,0.42404777900727697
60,120,25,0.0001,0.0001,10000,86,0.40692591391236316
60,120,25,0.0001,0.0001,10000,87,0.2810807398829969
60,120,25,0.0001,0.0001,10000,88,0.4183840826213043
60,120,25,0.0001,0.0001,10000,89,0.5696213855007507
60,120,25,0.0001,0.0001,10000,90,0.7325988967319108
60,120,25,0.0001,0.0001,10000,91,0.4072869486031809
60,120,25,0.0001,0.0001,10000,92,0.3250408220608795
60,120,25,0.0001,0.0001,10000,93,0.27680782227896733
60,120,25,0.0001,0.0001,10000,94,0.4915612305604861
60,120,25,0.0001,0.0001,10000,95,0.8255256347755665
60,120,25,0.0001,0.0001,10000,96,0.8524738687622263
60,120,25,0.0001,0.0001,10000,97,0.21977558758762616
60,120,25,0.0001,0.0001,10000,98,0.5421700620014693
60,120,25,0.0001,0.0001,10000,99,0.37383608772123783
60,120,25,0.0001,0.1,0.0001,0,0.434082036734087
60,120,25,0.0001,0.1,0.0001,1,0.6919528133012092
60,120,25,0.0001,0.1,0.0001,2,0.2654366899768878
60,120,25,0.0001,0.1,0.0001,3,0.49897514932012443
60,120,25,0.0001,0.1,0.0001,4,0.4704479246657873
60,120,25,0.0001,0.1,0.0001,5,0.6462761782989573
60,120,25,0.0001,0.1,0.0001,6,0.4046127145800941
60,120,25,0.0001,0.1,0.0001,7,0.49799501887081044
60,120,25,0.0001,0.1,0.0001,8,0.2626283394572448
60,120,25,0.0001,0.1,0.0001,9,0.33752161740526654
60,120,25,0.0001,0.1,0.0001,10,0.24524483291770016
60,120,25,0.0001,0.1,0.0001,11,0.35381808169423473
60,120,25,0.0001,0.1,0.0001,12,0.44536744331780437
60,120,25,0.0001,0.1,0.0001,13,0.6406013012272618
60,120,25,0.0001,0.1,0.0001,14,0.3404211229641689
60,120,25,0.0001,0.1,0.0001,15,0.6190469886525322
60,120,25,0.0001,0.1,0.0001,16,0.572772737994212
60,120,25,0.0001,0.1,0.0001,17,0.5370395953259998
60,120,25,0.0001,0.1,0.0001,18,0.48272161274844366
60,120,25,0.0001,0.1,0.0001,19,0.5138330508972421
60,120,25,0.0001,0.1,0.0001,20,0.40287024901174795
60,120,25,0.0001,0.1,0.0001,21,0.7517437443795819
60,120,25,0.0001,0.1,0.0001,22,0.3997444307388311
60,120,25,0.0001,0.1,0.0001,23,0.6647718908728927
60,120,25,0.0001,0.1,0.0001,24,0.3079843980228888
60,120,25,0.0001,0.1,0.0001,25,0.8380643119015417
60,120,25,0.0001,0.1,0.0001,26,0.29523100204062735
60,120,25,0.0001,0.1,0.0001,27,0.5222934049318521
60,120,25,0.0001,0.1,0.0001,28,0.3210002272401684
60,120,25,0.0001,0.1,0.0001,29,0.5761151996546557
60,120,25,0.0001,0.1,0.0001,30,0.2990702412653613
60,120,25,0.0001,0.1,0.0001,31,0.6361715056153034
60,120,25,0.0001,0.1,0.0001,32,0.5698524198235709
60,120,25,0.0001,0.1,0.0001,33,0.4756708141584383
60,120,25,0.0001,0.1,0.0001,34,0.3999045971413651
60,120,25,0.0001,0.1,0.0001,35,0.614967873773997
60,120,25,0.0001,0.1,0.0001,36,0.5143188742912378
60,120,25,0.0001,0.1,0.0001,37,0.5374482866979513
60,120,25,0.0001,0.1,0.0001,38,0.4196769997455635
60,120,25,0.0001,0.1,0.0001,39,0.30699236288352283
60,120,25,0.0001,0.1,0.0001,40,0.3375214406720977
60,120,25,0.0001,0.1,0.0001,41,0.7489308146787705
60,120,25,0.0001,0.1,0.0001,42,0.3658893648303739
60,120,25,0.0001,0.1,0.0001,43,0.7692876175403154
60,120,25,0.0001,0.1,0.0001,44,0.39490043877598907
60,120,25,0.0001,0.1,0.0001,45,0.5019624122329074
60,120,25,0.0001,0.1,0.0001,46,0.6086841505879066
60,120,25,0.0001,0.1,0.0001,47,0.6268873064263828
60,120,25,0.0001,0.1,0.0001,48,0.2842658933717781
60,120,25,0.0001,0.1,0.0001,49,0.32534334782907876
60,120,25,0.0001,0.1,0.0001,50,0.4606066407382576
60,120,25,0.0001,0.1,0.0001,51,0.40695662985963943
60,120,25,0.0001,0.1,0.0001,52,0.46603799457244716
60,120,25,0.0001,0.1,0.0001,53,0.7135662897775173
60,120,25,0.0001,0.1,0.0001,54,0.4791908512884208
60,120,25,0.0001,0.1,0.0001,55,0.5462220708598304
60,120,25,0.0001,0.1,0.0001,56,0.5512784052632236
60,120,25,0.0001,0.1,0.0001,57,0.29512288435392825
60,120,25,0.0001,0.1,0.0001,58,0.6905254421593163
60,120,25,0.0001,0.1,0.0001,59,0.6565714108741022
60,120,25,0.0001,0.1,0.0001,60,0.21030284139500324
60,120,25,0.0001,0.1,0.0001,61,0.3851113474499392
60,120,25,0.0001,0.1,0.0001,62,0.4724825829059186
60,120,25,0.0001,0.1,0.0001,63,0.5541157797410771
60,120,25,0.0001,0.1,0.0001,64,0.3901673890796027
60,120,25,0.0001,0.1,0.0001,65,0.5950505316929758
60,120,25,0.0001,0.1,0.0001,66,0.4207504199415484
60,120,25,0.0001,0.1,0.0001,67,0.4148792223815156
60,120,25,0.0001,0.1,0.0001,68,0.40313888165751616
60,120,25,0.0001,0.1,0.0001,69,0.4977795830133097
60,120,25,0.0001,0.1,0.0001,70,0.594632453760706
60,120,25,0.0001,0.1,0.0001,71,0.31520764258006867
60,120,25,0.0001,0.1,0.0001,72,0.46701223053251806
60,120,25,0.0001,0.1,0.0001,73,0.5623688370881846
60,120,25,0.0001,0.1,0.0001,74,0.32311505545338715
60,120,25,0.0001,0.1,0.0001,75,0.4751329610494266
60,120,25,0.0001,0.1,0.0001,76,0.33699526877940006
60,120,25,0.0001,0.1,0.0001,77,0.3924596792871693
60,120,25,0.0001,0.1,0.0001,78,0.46538328601517315
60,120,25,0.0001,0.1,0.0001,79,0.39233212136139295
60,120,25,0.0001,0.1,0.0001,80,0.45514802931319787
60,120,25,0.0001,0.1,0.0001,81,0.3347864983178565
60,120,25,0.0001,0.1,0.0001,82,0.22023429136833436
60,120,25,0.0001,0.1,0.0001,83,0.3517524421861652
60,120,25,0.0001,0.1,0.0001,84,0.38991703361869023
60,120,25,0.0001,0.1,0.0001,85,0.4029062236860914
60,120,25,0.0001,0.1,0.0001,86,0.4382624392547011
60,120,25,0.0001,0.1,0.0001,87,0.3553755876934954
60,120,25,0.0001,0.1,0.0001,88,0.9673965140567443
60,120,25,0.0001,0.1,0.0001,89,0.44634201768842974
60,120,25,0.0001,0.1,0.0001,90,0.2876380379127953
60,120,25,0.0001,0.1,0.0001,91,0.450525293572223
60,120,25,0.0001,0.1,0.0001,92,0.5518298162158611
60,120,25,0.0001,0.1,0.0001,93,0.6514747676559877
60,120,25,0.0001,0.1,0.0001,94,0.47249205817779527
60,120,25,0.0001,0.1,0.0001,95,0.6271625305189648
60,120,25,0.0001,0.1,0.0001,96,0.5427230720722072
60,120,25,0.0001,0.1,0.0001,97,0.3197640005566268
60,120,25,0.0001,0.1,0.0001,98,0.5207098333757159
60,120,25,0.0001,0.1,0.0001,99,0.5161517936247542
60,120,25,0.0001,0.1,0.1,0,0.349420258856651
60,120,25,0.0001,0.1,0.1,1,0.5524473932477636
60,120,25,0.0001,0.1,0.1,2,0.754003808166154
60,120,25,0.0001,0.1,0.1,3,0.4458945509911924
60,120,25,0.0001,0.1,0.1,4,0.42193866447597567
60,120,25,0.0001,0.1,0.1,5,0.7722746580691358
60,120,25,0.0001,0.1,0.1,6,0.21696099966454338
60,120,25,0.0001,0.1,0.1,7,0.3113526812328073
60,120,25,0.0001,0.1,0.1,8,0.5263535294021469
60,120,25,0.0001,0.1,0.1,9,0.4683003488403143
60,120,25,0.0001,0.1,0.1,10,0.613340448789126
60,120,25,0.0001,0.1,0.1,11,0.3789370940266579
60,120,25,0.0001,0.1,0.1,12,0.3258287222166273
60,120,25,0.0001,0.1,0.1,13,0.7025304651321477
60,120,25,0.0001,0.1,0.1,14,0.6797377077915939
60,120,25,0.0001,0.1,0.1,15,0.24985470269292434
60,120,25,0.0001,0.1,0.1,16,0.45414545924548166
60,120,25,0.0001,0.1,0.1,17,0.47422746301338303
60,120,25,0.0001,0.1,0.1,18,0.2695657092717774
60,120,25,0.0001,0.1,0.1,19,0.18487397694458418
60,120,25,0.0001,0.1,0.1,20,0.44714097596866753
60,120,25,0.0001,0.1,0.1,21,0.3235763347189748
60,120,25,0.0001,0.1,0.1,22,0.28466286717272143
60,120,25,0.0001,0.1,0.1,23,0.6504162930675221
60,120,25,0.0001,0.1,0.1,24,0.6733150703635853
60,120,25,0.0001,0.1,0.1,25,0.38055860242731215
60,120,25,0.0001,0.1,0.1,26,0.26711723290718487
60,120,25,0.0001,0.1,0.1,27,0.38487944484294995
60,120,25,0.0001,0.1,0.1,28,0.4022620876563905
60,120,25,0.0001,0.1,0.1,29,0.6134014947729137
60,120,25,0.0001,0.1,0.1,30,0.5822594672362593
60,120,25,0.0001,0.1,0.1,31,0.38353408022685614
60,120,25,0.0001,0.1,0.1,32,0.659817921720608
60,120,25,0.0001,0.1,0.1,33,0.6109813633819808
60,120,25,0.0001,0.1,0.1,34,0.35079742343624576
60,120,25,0.0001,0.1,0.1,35,0.30812475493751584
60,120,25,0.0001,0.1,0.1,36,0.27780153145861636
60,120,25,0.0001,0.1,0.1,37,0.3996845781504246
60,120,25,0.0001,0.1,0.1,38,0.31196167553030285
60,120,25,0.0001,0.1,0.1,39,0.7529974351078981
60,120,25,0.0001,0.1,0.1,40,0.5978884000436254
60,120,25,0.0001,0.1,0.1,41,0.3763571186506101
60,120,25,0.0001,0.1,0.1,42,0.4043374156596826
60,120,25,0.0001,0.1,0.1,43,0.5700025926245313
60,120,25,0.0001,0.1,0.1,44,0.4246007606585359
60,120,25,0.0001,0.1,0.1,45,0.22200080302321454
60,120,25,0.0001,0.1,0.1,46,0.3825688840792988
60,120,25,0.0001,0.1,0.1,47,0.2967558334278338
60,120,25,0.0001,0.1,0.1,48,0.5991768833475568
60,120,25,0.0001,0.1,0.1,49,0.43497407172000596
60,120,25,0.0001,0.1,0.1,50,0.5704234232660335
60,120,25,0.0001,0.1,0.1,51,0.692398477025703
60,120,25,0.0001,0.1,0.1,52,0.4209935393949833
60,120,25,0.0001,0.1,0.1,53,0.598166589596399
60,120,25,0.0001,0.1,0.1,54,0.4164804993712821
60,120,25,0.0001,0.1,0.1,55,0.46401683941090827
60,120,25,0.0001,0.1,0.1,56,0.4464751204397291
60,120,25,0.0001,0.1,0.1,57,0.5176027459580911
60,120,25,0.0001,0.1,0.1,58,0.4648649448316104
60,120,25,0.0001,0.1,0.1,59,0.19977793227603238
60,120,25,0.0001,0.1,0.1,60,0.3020748411956365
60,120,25,0.0001,0.1,0.1,61,0.414388548861528
60,120,25,0.0001,0.1,0.1,62,0.6233483215724562
60,120,25,0.0001,0.1,0.1,63,0.5234581812699086
60,120,25,0.0001,0.1,0.1,64,0.5738416336211438
60,120,25,0.0001,0.1,0.1,65,0.7732318850170342
60,120,25,0.0001,0.1,0.1,66,0.22832687275464442
60,120,25,0.0001,0.1,0.1,67,0.28966099138028006
60,120,25,0.0001,0.1,0.1,68,0.41249434273654134
60,120,25,0.0001,0.1,0.1,69,0.3844883286106452
60,120,25,0.0001,0.1,0.1,70,0.5562870149184133
60,120,25,0.0001,0.1,0.1,71,0.3655304840813039
60,120,25,0.0001,0.1,0.1,72,0.36267094616891443
60,120,25,0.0001,0.1,0.1,73,0.4027058005637701
60,120,25,0.0001,0.1,0.1,74,1.2698530837480941
60,120,25,0.0001,0.1,0.1,75,0.4466997873875064
60,120,25,0.0001,0.1,0.1,76,0.8260393684195143
60,120,25,0.0001,0.1,0.1,77,0.504163865121125
60,120,25,0.0001,0.1,0.1,78,0.3137977818766255
60,120,25,0.0001,0.1,0.1,79,0.5217781430873286
60,120,25,0.0001,0.1,0.1,80,0.4180801075253884
60,120,25,0.0001,0.1,0.1,81,0.3876036883404585
60,120,25,0.0001,0.1,0.1,82,0.6836045719037617
60,120,25,0.0001,0.1,0.1,83,0.5716576581778471
60,120,25,0.0001,0.1,0.1,84,0.3750526837006472
60,120,25,0.0001,0.1,0.1,85,0.5509506258428093
60,120,25,0.0001,0.1,0.1,86,0.5047122415141051
60,120,25,0.0001,0.1,0.1,87,0.26069893076432626
60,120,25,0.0001,0.1,0.1,88,0.5749459083960174
60,120,25,0.0001,0.1,0.1,89,0.481438329253867
60,120,25,0.0001,0.1,0.1,90,0.5389192744260558
60,120,25,0.0001,0.1,0.1,91,0.6804950761718986
60,120,25,0.0001,0.1,0.1,92,0.7170348464206003
60,120,25,0.0001,0.1,0.1,93,0.34790364911898786
60,120,25,0.0001,0.1,0.1,94,0.5604381443922429
60,120,25,0.0001,0.1,0.1,95,0.5013517468564521
60,120,25,0.0001,0.1,0.1,96,0.5087708858465959
60,120,25,0.0001,0.1,0.1,97,0.43686439811668887
60,120,25,0.0001,0.1,0.1,98,0.24231446753698424
60,120,25,0.0001,0.1,0.1,99,0.4158000247426435
